date,price,total_volume,market_cap,coin_name
2020-10-15,61.038420145171635,132708244.77914503,915358566.5801965,filecoin
2020-10-16,61.038420145171635,132708244.77914503,915358566.5801965,filecoin
2020-10-17,44.776151018739505,274288780.331303,696448104.4626515,filecoin
2020-10-18,42.37271342853077,98808556.8596685,685643708.4308554,filecoin
2020-10-19,32.71113233658529,76475484.52474798,547941026.327637,filecoin
2020-10-20,33.8709208971172,137021232.89625403,589652748.8900975,filecoin
2020-10-21,31.13609652657138,53539364.97384532,561260924.5694939,filecoin
2020-10-22,26.805785916433425,78677831.46504025,504058107.7526195,filecoin
2020-10-23,23.726553001137823,82368454.65617654,457773215.5734711,filecoin
2020-10-24,24.698251881253096,94966073.05700068,498912998.76787466,filecoin
2020-10-25,25.715797622859426,94324623.15035973,533304564.1533651,filecoin
2020-10-26,38.95813731766341,256373180.47346586,831426219.0333772,filecoin
2020-10-27,33.62610370159718,177735936.9260677,735842404.2936687,filecoin
2020-10-28,35.23708314972304,112150052.77565423,810185443.2369088,filecoin
2020-10-29,33.66986889228532,94647071.15054014,789683425.6468997,filecoin
2020-10-30,32.56480146503134,69548217.67366283,785185480.0337508,filecoin
2020-10-31,29.23454574803566,92361898.02342685,723733376.0240886,filecoin
2020-11-01,31.068181236508313,79127391.34417841,790579447.5429804,filecoin
2020-11-02,31.59249510134678,45473460.970511764,824027456.289055,filecoin
2020-11-03,29.721117221708248,69556469.16962257,797862243.2950337,filecoin
2020-11-04,28.863213090978785,53061021.01122654,784453957.084558,filecoin
2020-11-05,28.89940702403186,51858223.52657145,808899170.7512995,filecoin
2020-11-06,29.437496731232574,53073486.40389357,848688650.7816124,filecoin
2020-11-07,31.67873056481789,114784886.49214192,932478272.7988048,filecoin
2020-11-08,29.92173183428666,117187621.01006323,898570414.518341,filecoin
2020-11-09,30.71437762454573,43569925.030961335,946765111.5270143,filecoin
2020-11-10,31.27614564306925,70589681.3466677,980175251.297319,filecoin
2020-11-11,30.355539393303946,77788935.21881078,971324219.7046409,filecoin
2020-11-12,30.074590872459012,63350376.6847226,977836168.151562,filecoin
2020-11-13,29.50138763139613,64632402.47458432,980940186.3146718,filecoin
2020-11-14,29.18348938011425,46374964.61487351,989163131.68572,filecoin
2020-11-15,29.308241083537126,46656076.5521233,1010701349.2476013,filecoin
2020-11-16,27.754596975192612,64355871.76105965,972306708.8565435,filecoin
2020-11-17,27.47415850246156,66990195.44150138,983242022.5802612,filecoin
2020-11-18,29.04663591100442,98404410.91686241,1053531538.7069919,filecoin
2020-11-19,28.884041127283858,76981354.93860403,1065566004.7832322,filecoin
2020-11-20,28.836418294945485,44549185.46211414,1078997738.3542826,filecoin
2020-11-21,29.03297941534771,66565828.96830781,1104845751.636248,filecoin
2020-11-22,29.835385463370333,109827003.611973,1152020550.603267,filecoin
2020-11-23,28.97455195566526,74525001.3501965,1136336865.4502778,filecoin
2020-11-24,29.152495615482497,64478008.085590035,1159770309.1231425,filecoin
2020-11-25,29.69480828811275,119023651.02180421,1202725591.6704721,filecoin
2020-11-26,31.076483226999855,246696676.8440839,1264360564.8794208,filecoin
2020-11-27,29.859995505894357,176400314.3852683,1249059351.628235,filecoin
2020-11-28,29.956028039749977,71663334.72888185,1269516701.928657,filecoin
2020-11-29,29.92724371697021,52092461.75053196,1287329451.1674116,filecoin
2020-11-30,29.9657492276032,41468964.75579041,1305347569.5699754,filecoin
2020-12-01,30.291092806718957,80327102.26846689,1343914271.7988675,filecoin
2020-12-02,30.22263361850741,105841737.79278883,1350662411.9702575,filecoin
2020-12-03,30.638930347497723,69844238.14378643,1366916570.9937828,filecoin
2020-12-04,30.45112380705019,58750507.88848269,1354592881.154428,filecoin
2020-12-05,29.105538607487997,75895542.16327609,1298555662.3133624,filecoin
2020-12-06,29.877120174190132,47680577.81577241,1331599671.2784326,filecoin
2020-12-07,29.306209693910496,49225331.17725182,1305959182.3082852,filecoin
2020-12-08,30.535994423804752,147780373.59187344,1360443036.0415494,filecoin
2020-12-09,29.964229165044685,111523277.94696948,1336608928.1296468,filecoin
2020-12-10,30.496371093809255,176605247.7615105,1360379788.5401053,filecoin
2020-12-11,30.577518401061127,199008674.94860765,1367452564.0494237,filecoin
2020-12-12,29.915356296293208,154565320.1991871,1335651652.1960728,filecoin
2020-12-13,30.024411947221175,80109565.1219934,1339216964.0735939,filecoin
2020-12-14,30.079610224401623,75097275.78166607,1340054073.0953798,filecoin
2020-12-15,29.37785535703316,94322817.19191419,1310997955.8092475,filecoin
2020-12-16,29.141461175451354,100309846.01202284,1299271237.7283943,filecoin
2020-12-17,28.47472557261946,146855150.16733792,1268748005.778233,filecoin
2020-12-18,28.434668765431873,154310089.4472003,1269199574.8423693,filecoin
2020-12-19,28.482447577977144,83877190.71861382,1268920902.3581283,filecoin
2020-12-20,28.28646354859127,100393244.21757032,1260896801.4375882,filecoin
2020-12-21,28.425579402798967,77355912.35110064,1265640429.2541573,filecoin
2020-12-22,25.12541700786485,189143189.4605951,1116963470.7828884,filecoin
2020-12-23,24.65938330963582,208100019.62737167,1098521764.2124968,filecoin
2020-12-24,22.393877730770093,153502569.82116878,1002020727.4238386,filecoin
2020-12-25,23.711485929216284,110589136.64800124,1070477089.0000271,filecoin
2020-12-26,24.19868044306187,128403111.37619881,1066903272.1972156,filecoin
2020-12-27,23.607314166249015,53592093.62123639,1053399876.4856431,filecoin
2020-12-28,22.26786214815625,90932583.26916578,996416285.4536161,filecoin
2020-12-29,22.016665488790053,78548169.26898716,984958783.1406097,filecoin
2020-12-30,20.414291266609762,109330498.67486331,910450449.0266372,filecoin
2020-12-31,21.667585858799086,112612320.8927767,971502565.7987247,filecoin
2021-01-01,24.332649074568128,221650260.12354195,1085852456.2044303,filecoin
2021-01-02,22.26545151346079,157364231.6607094,997801424.6666099,filecoin
2021-01-03,21.828358282862826,112849343.36025542,972755571.7195723,filecoin
2021-01-04,21.577334586341465,118001030.48272939,961823165.8483748,filecoin
2021-01-05,20.971516044607387,139133407.4518984,933651801.4490069,filecoin
2021-01-06,21.637499704274394,123548680.69304316,965061654.5564218,filecoin
2021-01-07,21.965644230617578,119647759.11144678,981791589.808168,filecoin
2021-01-08,22.141311677022408,150413994.76491714,985030080.1124637,filecoin
2021-01-09,21.66795712491178,99060370.37174033,963811421.3661202,filecoin
2021-01-10,22.236827441240354,89014120.9442777,992984336.0991169,filecoin
2021-01-11,23.581049628823116,265355918.21325916,1050431927.9268968,filecoin
2021-01-12,21.570961445933612,193306939.6571558,963053856.3708664,filecoin
2021-01-13,21.12715265139296,100775458.4736598,942008771.8480518,filecoin
2021-01-14,21.719502249805913,85333698.6427731,967935922.4576999,filecoin
2021-01-15,21.597018558280833,95089736.96209514,961793556.0164002,filecoin
2021-01-16,21.557677015766576,111122862.2879243,961842010.9547049,filecoin
2021-01-17,22.87440971406909,265852064.7538983,1017544913.0502763,filecoin
2021-01-18,24.28820869310656,418766559.2227876,1086015386.889698,filecoin
2021-01-19,23.684633896638175,190043176.4465864,1054182976.9254099,filecoin
2021-01-20,22.677761060382128,179386491.65251583,1016126534.6996398,filecoin
2021-01-21,22.38911255715604,157883219.84480947,999485111.4107952,filecoin
2021-01-22,21.25821713351011,136807313.37180814,959850230.101953,filecoin
2021-01-23,22.287890650908043,265570456.75227076,1013184171.7935616,filecoin
2021-01-24,22.689629447925178,178166580.32060942,1030043615.6160413,filecoin
2021-01-25,22.74403539205069,113922341.15192427,1041453667.3598425,filecoin
2021-01-26,22.437500087328758,113665132.12374684,1030150090.3237169,filecoin
2021-01-27,22.1925456760997,108009750.55364281,1022176234.7866141,filecoin
2021-01-28,21.48718769763265,120101620.34008133,993902507.9448189,filecoin
2021-01-29,21.885404011298196,92083831.1991965,1015996115.5149173,filecoin
2021-01-30,22.257271685326735,153450534.2496623,1045513789.0047519,filecoin
2021-01-31,21.99998473077016,95376696.00539285,1036800625.6575937,filecoin
2021-02-01,22.227610787381238,103409399.27386585,1052624446.4618396,filecoin
2021-02-02,22.552385653557636,231322958.9842114,1073176630.2547331,filecoin
2021-02-03,22.47521042202928,96428957.95955779,1079812140.2858324,filecoin
2021-02-04,23.067601307987246,115763697.62767115,1110368380.3902166,filecoin
2021-02-05,22.921722085922223,117656546.0768902,1112234002.2407944,filecoin
2021-02-06,24.574468847793767,273547244.93157846,1188786069.8665295,filecoin
2021-02-07,24.278484379329623,199355815.96232775,1186863367.8317683,filecoin
2021-02-08,23.987391004351554,145131650.47190964,1175194860.1859303,filecoin
2021-02-09,27.70011077465989,408148036.84547263,1374842804.4478023,filecoin
2021-02-10,43.360374735209504,2018558778.0812674,2142897308.3311505,filecoin
2021-02-11,39.83493112722619,1482429519.8551733,1971932959.0708215,filecoin
2021-02-12,40.163738214799466,668497999.8765751,1998338676.5334198,filecoin
2021-02-13,42.629324755182715,683422595.7182388,2140422574.1639802,filecoin
2021-02-14,41.5804298049996,596507370.4801489,2142329180.7463539,filecoin
2021-02-15,47.48170031292962,1255805215.286584,2440728114.286204,filecoin
2021-02-16,42.8214027742912,1155967038.2529702,2228229756.2017245,filecoin
2021-02-17,41.94506319732091,531467623.5587396,2198005616.5604706,filecoin
2021-02-18,43.21343409213774,449474431.4872352,2268914317.126997,filecoin
2021-02-19,43.474011615378686,355707147.3845515,2287446142.634004,filecoin
2021-02-20,43.24926513227452,437942890.24962413,2303472010.7398977,filecoin
2021-02-21,43.51944064392642,869684870.756501,2315945991.570518,filecoin
2021-02-22,44.91251555408171,456068345.53586763,2425826130.089612,filecoin
2021-02-23,39.67700609254747,794534875.2646403,2146856903.1900072,filecoin
2021-02-24,35.50615145088347,691225109.6530238,1924240469.6353104,filecoin
2021-02-25,36.63152164480715,397649847.1812335,2010058408.6622987,filecoin
2021-02-26,34.723303510322715,264285853.60829118,1910955685.2741044,filecoin
2021-02-27,35.26145187745781,298539639.6716991,1941888070.5517406,filecoin
2021-02-28,38.44666442315151,336780271.7053736,2110732695.9823341,filecoin
2021-03-01,35.91265634802496,277301058.34704095,2003104136.5022893,filecoin
2021-03-02,38.45901953115621,322181953.2074265,2164153550.192331,filecoin
2021-03-03,38.31071118578107,251862479.7360264,2153057387.8752384,filecoin
2021-03-04,42.24686832392668,621298264.1719575,2406002229.814256,filecoin
2021-03-05,41.00299829854112,427519921.17803264,2355361326.598205,filecoin
2021-03-06,40.569393657904385,319316213.77583396,2329304394.519402,filecoin
2021-03-07,40.53038646783962,223292026.9097246,2327064784.53159,filecoin
2021-03-08,41.574836422593386,198635220.8111149,2386866899.8046827,filecoin
2021-03-09,41.57849166422764,224007847.4632438,2387865517.4191008,filecoin
2021-03-10,42.0611496697386,269380019.24068356,2415188501.5157466,filecoin
2021-03-11,42.56818443341396,340076876.3887776,2444282241.842399,filecoin
2021-03-12,42.22443442112208,267159160.4139977,2422221608.4778457,filecoin
2021-03-13,44.00824268655271,437864214.4669819,2527610840.869442,filecoin
2021-03-14,49.74767465540784,824403628.202127,2858128526.5366325,filecoin
2021-03-15,54.55724867608124,1119320690.627316,3161301690.407699,filecoin
2021-03-16,53.163914217227166,745993736.1848177,3066932662.6924977,filecoin
2021-03-17,62.65618987815652,988516080.6281383,3615023414.3131537,filecoin
2021-03-18,89.7038197748013,3604161978.681907,5350371555.607416,filecoin
2021-03-19,79.57344979710611,2648702442.576066,4590835443.430657,filecoin
2021-03-20,83.51011824696268,1385630340.844179,4904128106.002664,filecoin
2021-03-21,82.60174109720681,762519370.1020749,4884445974.147498,filecoin
2021-03-22,81.08354931270624,574833558.4724399,4819290051.09456,filecoin
2021-03-23,76.58984400573706,710201043.6801836,4603346612.288365,filecoin
2021-03-24,82.97062583001816,1144772562.4794576,4954574345.324013,filecoin
2021-03-25,86.01970880657534,1657490858.5368512,5239968618.420825,filecoin
2021-03-26,90.42028829079466,1764777780.6520574,5467789226.430096,filecoin
2021-03-27,125.38477689675958,3485114028.8653603,7663405093.837479,filecoin
2021-03-28,132.5487198812614,4275219206.669739,8116732135.001582,filecoin
2021-03-29,125.42929797188496,2152710677.8469753,7707732162.522902,filecoin
2021-03-30,127.36068517777713,1367051616.8161914,7858661662.057314,filecoin
2021-03-31,149.8513526353999,2993590309.8761377,9346428738.18051,filecoin
2021-04-01,189.57559567550769,6658959382.907221,11887088710.101213,filecoin
2021-04-02,187.61068852425478,9084876444.167439,11982302303.368631,filecoin
2021-04-03,171.212119019583,5382961003.897155,10997142646.531992,filecoin
2021-04-04,177.30164168198164,3274974054.50614,11318036521.764193,filecoin
2021-04-05,183.20384178053837,2864402970.091895,11829678782.236479,filecoin
2021-04-06,177.39217181754833,1745434861.4106128,11402316362.314383,filecoin
2021-04-07,165.83692357345282,1439233249.9571154,10766940513.537039,filecoin
2021-04-08,156.19389441878076,3603564397.5854216,10191782324.67231,filecoin
2021-04-09,154.7655246174137,1514788674.9169855,10098092961.26499,filecoin
2021-04-10,171.8788201612079,2326843447.729039,11367767095.007366,filecoin
2021-04-11,174.47939711737936,2316225383.0344067,11422177636.132494,filecoin
2021-04-12,178.56448334799924,1136919725.3458457,11760257667.55024,filecoin
2021-04-13,168.34215139407414,1906516979.9288604,11162781438.092058,filecoin
2021-04-14,164.6144358731241,1322127291.7764494,10990468386.310192,filecoin
2021-04-15,167.72246537040698,1976136839.7588773,11193671219.718431,filecoin
2021-04-16,170.99401239581,1172487101.4159253,11432372290.91272,filecoin
2021-04-17,182.42572086682367,3705027558.5151334,12306583039.560392,filecoin
2021-04-18,180.8786084730564,1692363116.1589756,12199694683.653812,filecoin
2021-04-19,156.4875982758262,2918671277.2972126,10541847149.08877,filecoin
2021-04-20,154.36118150068245,1380912245.3573756,10430669542.832127,filecoin
2021-04-21,153.87534665124306,1333667516.362534,10378377088.785328,filecoin
2021-04-22,149.08109494167246,970193247.3497243,10113452284.82981,filecoin
2021-04-23,146.72972578426246,1268707399.8252816,9922652763.490011,filecoin
2021-04-24,139.32107562311128,1676950956.0751686,9437086317.48919,filecoin
2021-04-25,133.13976130127926,790947951.3207159,9180368628.803314,filecoin
2021-04-26,133.8127447571609,611092337.6772368,9140645422.749401,filecoin
2021-04-27,154.5603467686587,1424130811.6086998,10559313085.461609,filecoin
2021-04-28,151.65286111931212,926899397.9456252,10363476511.92833,filecoin
2021-04-29,151.18941275138496,837919768.024614,10384607293.66619,filecoin
2021-04-30,149.71293049316535,689794370.0552198,10290478894.81161,filecoin
2021-05-01,164.002165315884,1487539024.793785,11282601430.24585,filecoin
2021-05-02,164.46245307147265,810110893.3990246,11384637502.176071,filecoin
2021-05-03,162.80853303875858,770232490.452057,11209803165.794937,filecoin
2021-05-04,160.32884739701524,806276011.8031446,11127087613.253773,filecoin
2021-05-05,139.5092254334999,1364076143.4741614,9739869995.85706,filecoin
2021-05-06,152.65330254867183,1169147165.3432417,10566377314.66072,filecoin
2021-05-07,153.35407439298365,1858236871.2951045,10685901288.381172,filecoin
2021-05-08,150.7227286168373,969994258.5050683,10522637445.828548,filecoin
2021-05-09,148.13288217261825,817391832.964972,10354168926.699018,filecoin
2021-05-10,146.41737961892505,879257307.9609605,10256042486.668428,filecoin
2021-05-11,135.56576866488683,1078501283.5813816,9571958152.373116,filecoin
2021-05-12,142.8645151172823,949958462.1115581,10010914357.520384,filecoin
2021-05-13,128.65718007437877,1072739957.3641653,9266311898.599695,filecoin
2021-05-14,117.85955158185232,3410118730.15165,8311079303.982727,filecoin
2021-05-15,120.05464195771502,1308220296.6002643,8465774806.41594,filecoin
2021-05-16,109.98090808969523,1099600040.3646905,7960734072.476668,filecoin
2021-05-17,107.82374037183945,1158212222.9066484,7733651247.38462,filecoin
2021-05-18,99.32354289976078,1339003379.8721092,7222443085.144995,filecoin
2021-05-19,100.580814016586,1104332067.8374205,7270191227.723099,filecoin
2021-05-20,65.99234017373182,2477501117.8695755,4889258658.4251585,filecoin
2021-05-21,88.75826969586618,2914328598.4427557,6446070387.292754,filecoin
2021-05-22,76.77274550840157,1893234532.4948437,5552827818.7258,filecoin
2021-05-23,72.55451324560588,1231601972.324746,5310542624.92256,filecoin
2021-05-24,65.29657469421109,1610384019.95993,4795741720.623984,filecoin
2021-05-25,74.6764551011953,1669346578.606671,5480691936.265534,filecoin
2021-05-26,71.36970330039522,1355706652.5200007,5234385707.18054,filecoin
2021-05-27,74.8261838707771,995719771.1163565,5526274274.622682,filecoin
2021-05-28,71.26471142347394,690575129.8377163,5283427692.317433,filecoin
2021-05-29,66.86171742792685,805780296.6358778,4955088080.285226,filecoin
2021-05-30,68.53888281034632,690471760.9397265,5132456968.630218,filecoin
2021-05-31,68.35883980088525,570963596.9646376,5085460623.882045,filecoin
2021-06-01,72.64140466027168,738172265.1606411,5459628057.845798,filecoin
2021-06-02,69.31768557039256,564712692.7211393,5239017503.099482,filecoin
2021-06-03,70.1603557096299,485410711.118052,5312676048.68686,filecoin
2021-06-04,89.74422404590926,1392674031.7146945,6945471091.144459,filecoin
2021-06-05,88.1095151646125,2526163143.6423697,6758718950.203633,filecoin
2021-06-06,88.356166691574,1180716958.0744174,6762221819.2313795,filecoin
2021-06-07,86.77675203191241,536515963.3859372,6682097724.014079,filecoin
2021-06-08,81.12688387907917,1024865675.0361594,6313892866.679319,filecoin
2021-06-09,76.21992424923837,1484680504.5859673,5930124224.900384,filecoin
2021-06-10,77.71716425232813,1073578858.5383132,6068760115.990174,filecoin
2021-06-11,73.84675642207812,698887264.1838888,5767122467.87551,filecoin
2021-06-12,70.83199533161375,478515243.878667,5554659667.569029,filecoin
2021-06-13,69.79179711787269,588597567.8568661,5490134712.697606,filecoin
2021-06-14,73.5624431995955,416826837.9891597,5761245902.58321,filecoin
2021-06-15,75.18282575676194,615347140.4296517,5934421175.617328,filecoin
2021-06-16,72.96579312720303,470834042.17115676,5783693818.5088415,filecoin
2021-06-17,69.38978912487848,445099368.9041369,5506730946.165429,filecoin
2021-06-18,69.08801974328946,396054441.91332716,5501270663.798497,filecoin
2021-06-19,65.53997791524436,441752787.2662722,5260642456.323049,filecoin
2021-06-20,65.03350972332092,333372034.7791445,5225718803.217338,filecoin
2021-06-21,63.31511903985232,548724843.699599,5105408597.159436,filecoin
2021-06-22,46.198622722630546,1075249508.902684,3767259536.399458,filecoin
2021-06-23,49.16269056501052,1189965977.3139493,3994103143.9281163,filecoin
2021-06-24,58.41520431506102,991190027.26369,4737419355.834323,filecoin
2021-06-25,57.21751018154989,671062848.9571227,4675412840.723372,filecoin
2021-06-26,52.73187047290102,672714737.860003,4340124002.982333,filecoin
2021-06-27,52.79599433833484,515829174.0670754,4323759273.568948,filecoin
2021-06-28,56.181159133969444,483625580.5629107,4636498458.85038,filecoin
2021-06-29,56.50724998310845,513830665.0161235,4675847747.116051,filecoin
2021-06-30,64.51667774951359,817455435.7594894,5390642896.401006,filecoin
2021-07-01,60.54281280948271,866123332.5035014,5071113098.748998,filecoin
2021-07-02,57.15513420122446,483794356.28352517,4813572237.468474,filecoin
2021-07-03,57.43169347325879,325511146.08730406,4853878929.812838,filecoin
2021-07-04,58.78914389412504,297517030.0261512,4982929441.913566,filecoin
2021-07-05,59.12785071939858,259852591.74157715,5046725402.65341,filecoin
2021-07-06,56.430792096449224,325023290.9937038,4835871066.082167,filecoin
2021-07-07,56.892695206156596,309162033.16815466,4881822295.539246,filecoin
2021-07-08,56.54576219303808,228042534.28257254,4870594002.520488,filecoin
2021-07-09,54.07406418320355,290565970.2815371,4666672288.051456,filecoin
2021-07-10,55.47389964511535,214626020.93763226,4797777298.6291685,filecoin
2021-07-11,54.49825472957034,155146960.89789838,4726777354.723511,filecoin
2021-07-12,55.21172482038976,121062461.70105575,4798354465.123041,filecoin
2021-07-13,52.73019975248067,190007962.4296135,4588254423.756373,filecoin
2021-07-14,50.84933783108905,223204265.58028397,4441447222.806487,filecoin
2021-07-15,49.76196436212528,281377977.72324735,4351995993.3354845,filecoin
2021-07-16,47.0851349115758,252415689.61770046,4169310539.166018,filecoin
2021-07-17,45.86485046267694,192160661.26738876,4074738245.873976,filecoin
2021-07-18,45.62282643831851,164987738.95154616,4066506966.5073166,filecoin
2021-07-19,47.162176842579036,184889424.90220168,4207527221.1563663,filecoin
2021-07-20,45.11943678112674,190428643.68962094,4042768890.0806303,filecoin
2021-07-21,41.544852299878755,287865160.6076799,3732586343.3889346,filecoin
2021-07-22,46.51458927006397,475115333.437303,4172524855.029862,filecoin
2021-07-23,45.66049204923856,271478439.15765864,4119172731.384568,filecoin
2021-07-24,47.324846715968086,289424067.67528266,4276795674.9222074,filecoin
2021-07-25,49.46126842248849,540568209.7666352,4481352230.4583025,filecoin
2021-07-26,49.34025345467773,412657599.4652499,4478739753.575609,filecoin
2021-07-27,48.92252423469737,857384942.5013138,4467555943.607951,filecoin
2021-07-28,49.45364079274216,448943090.4156903,4516568844.599481,filecoin
2021-07-29,49.4628328473667,430172399.25166243,4531346691.046742,filecoin
2021-07-30,49.335536820020295,237024626.0920437,4545668459.372722,filecoin
2021-07-31,51.28884076942562,309649839.87840307,4745653480.879425,filecoin
2021-08-01,52.26366442143525,399081293.9904884,4842545898.400973,filecoin
2021-08-02,53.804755031412036,934354981.3954265,5004076260.541281,filecoin
2021-08-03,54.678741731839864,391721487.9796972,5110788255.534238,filecoin
2021-08-04,54.485791667816656,312868126.2168754,5123114649.494363,filecoin
2021-08-05,56.493397850512196,435763683.8035009,5343079485.3996525,filecoin
2021-08-06,57.755845102837746,410014749.3847893,5450183232.534917,filecoin
2021-08-07,64.39096541791179,829981111.0093118,6105103338.158219,filecoin
2021-08-08,69.69600568335336,1235704419.17059,6615051742.623232,filecoin
2021-08-09,64.3023132389341,649971915.8693405,6109571254.836809,filecoin
2021-08-10,67.67886449980233,709429948.6554857,6341271077.273726,filecoin
2021-08-11,66.7310230981961,593210470.1802412,6356385970.852685,filecoin
2021-08-12,72.24579162821658,1040903185.4299307,6886636987.08254,filecoin
2021-08-13,68.41539641370026,988551934.6261158,6552034619.746287,filecoin
2021-08-14,74.60970265322342,687083107.4382236,7120937450.601483,filecoin
2021-08-15,72.51706365298797,835646286.656083,6993329824.875893,filecoin
2021-08-16,73.15791241271135,651069789.2755655,7046887706.4486065,filecoin
2021-08-17,73.40143829923309,943752240.1638254,7176860938.400816,filecoin
2021-08-18,69.41847000742113,758149561.384168,6815146521.691267,filecoin
2021-08-19,67.97819500140253,678658020.2033778,6668353812.897149,filecoin
2021-08-20,69.85623986978511,459429019.04002005,6836652277.051632,filecoin
2021-08-21,73.03504593331157,515087546.101654,7172245428.250522,filecoin
2021-08-22,77.99802785034932,873464018.1339362,7717889066.505461,filecoin
2021-08-23,77.41026569936272,858197423.6170259,7669512114.699055,filecoin
2021-08-24,79.88798605566929,953675691.9052708,7909051611.221558,filecoin
2021-08-25,74.87982046272728,848040105.3115866,7435544828.274244,filecoin
2021-08-26,76.87780877379467,635800139.32933,7671217887.385196,filecoin
2021-08-27,73.12303991412297,717447872.002666,7287035727.731083,filecoin
2021-08-28,75.0756490802686,596252112.9007044,7494090193.796516,filecoin
2021-08-29,73.98368937533434,361952517.52164376,7395493538.772748,filecoin
2021-08-30,73.80853923644948,480806221.5061548,7399624460.889124,filecoin
2021-08-31,71.40620834451222,406805889.0974447,7164723197.969198,filecoin
2021-09-01,75.99414365384281,946607631.6243017,7660328089.899885,filecoin
2021-09-02,78.64502423193608,741756401.3552552,7950783178.959194,filecoin
2021-09-03,77.53459245372021,545209141.0946563,7855615630.798612,filecoin
2021-09-04,77.67714347580703,559144427.4628708,7874750955.771738,filecoin
2021-09-05,94.99748276870548,2138592141.0754642,9718860780.932117,filecoin
2021-09-06,113.62759390542459,3846217762.31633,11625601342.832527,filecoin
2021-09-07,106.56970982768324,2835074767.2974396,10863365776.35077,filecoin
2021-09-08,84.3423917648435,4487272905.757102,8703282651.988777,filecoin
2021-09-09,88.13162466295371,3337987573.732039,9128426774.140501,filecoin
2021-09-10,88.52502080130377,1935178947.050897,9155979176.815298,filecoin
2021-09-11,82.46877859664346,1557935923.7675312,8536462183.193879,filecoin
2021-09-12,81.72852347645389,934269478.8330619,8459363212.771825,filecoin
2021-09-13,83.93953190842738,1033486780.0759606,8728515526.484688,filecoin
2021-09-14,78.71287386044153,1366487232.179945,8192527916.422796,filecoin
2021-09-15,80.72632300334507,733846905.7509378,8607158777.382599,filecoin
2021-09-16,86.26780138217958,1300705450.9394174,9163747153.980003,filecoin
2021-09-17,84.49044438815257,1415782535.3395455,9031726386.178196,filecoin
2021-09-18,85.86288993321368,978560968.2053707,9260613939.150097,filecoin
2021-09-19,84.37628053802815,738580157.5416563,9084670054.814695,filecoin
2021-09-20,83.61463313651639,490429754.620066,9030242391.663181,filecoin
2021-09-21,74.62840745608251,1654434644.9881434,8080713550.473364,filecoin
2021-09-22,68.98353975003072,1240245652.771411,7458542758.625509,filecoin
2021-09-23,74.4222883457614,864366422.1144136,8107202398.515423,filecoin
2021-09-24,74.5731845819523,723636559.6530465,8158635376.246759,filecoin
2021-09-25,63.18321284453408,2024712311.59687,6929939107.231222,filecoin
2021-09-26,60.677289474211456,1151003579.8773942,6644510634.459436,filecoin
2021-09-27,55.85397805520586,2490221131.7544928,6108537107.0288,filecoin
2021-09-28,59.19515990159867,1837041204.8981054,6575383754.222604,filecoin
2021-09-29,55.470771228238284,1260969376.580876,6120911669.3941345,filecoin
2021-09-30,57.21231548232069,994748257.6038247,6272490993.769179,filecoin
2021-10-01,60.1105916799632,924519595.7597356,6579570546.112307,filecoin
2021-10-02,71.7633496119577,1364389920.9974623,7870357104.5169935,filecoin
2021-10-03,69.98564136395393,1381993218.8488333,7670341930.829356,filecoin
2021-10-04,69.1471256795071,869186199.4111785,7589735012.935745,filecoin
2021-10-05,69.58588362211255,1040883820.0406077,7699772858.380208,filecoin
2021-10-06,71.16143841511058,1000180841.242828,7863907887.909047,filecoin
2021-10-07,72.1748322076592,1330405930.0046895,7974694048.139363,filecoin
2021-10-08,71.64136145229904,1094361025.6555605,7919449300.446966,filecoin
2021-10-09,79.50283707623397,1787035457.0619493,8800790645.952713,filecoin
2021-10-10,76.70708470158992,939448043.9536747,8494810950.314712,filecoin
2021-10-11,69.75504342146758,850870083.2410443,7771676718.229707,filecoin
2021-10-12,73.43002784099654,1095363573.8606873,8163477422.357032,filecoin
2021-10-13,69.41198868793764,1007929246.1977268,7783211336.411623,filecoin
2021-10-14,68.3611317538026,1449138508.0893283,7665101552.186981,filecoin
2021-10-15,70.26730400388496,921728211.1477755,7905519800.607219,filecoin
2021-10-16,67.52517392275035,988684600.5796187,7637814542.419309,filecoin
2021-10-17,66.79858015610353,491325666.375312,7589897058.170135,filecoin
2021-10-18,63.419936594800696,611370344.491649,7189638933.604068,filecoin
2021-10-19,63.268914552874044,576375646.0452336,7208657873.24426,filecoin
2021-10-20,63.20130335166689,400038255.749311,7243067857.14406,filecoin
2021-10-21,67.13461804424196,713196845.593475,7722232513.745195,filecoin
2021-10-22,63.79722113362592,730340426.0481055,7372461024.626979,filecoin
2021-10-23,66.25805626582269,628782077.0077866,7684247414.486821,filecoin
2021-10-24,65.21258055690477,358623443.19250745,7590251517.3107605,filecoin
2021-10-25,62.827983056412954,607077113.4038262,7329122073.7434435,filecoin
2021-10-26,64.22800290232348,442534761.4011677,7531321176.31275,filecoin
2021-10-27,62.97657561956524,592207931.2343222,7443432673.559958,filecoin
2021-10-28,55.436525335366795,1259091977.7427092,6529241836.871426,filecoin
2021-10-29,58.20002158091034,824551592.2533203,6832943900.347486,filecoin
2021-10-30,59.988182589299285,616480911.4852517,7096994092.814843,filecoin
2021-10-31,59.954973203399085,357176275.9689604,7050998610.999592,filecoin
2021-11-01,64.5401288285198,1294161629.2218337,7686583442.523998,filecoin
2021-11-02,64.00612892121688,565796632.0285933,7553502353.5137205,filecoin
2021-11-03,64.8108968720689,678460811.6046314,7740937564.028774,filecoin
2021-11-04,64.14162442639302,709169570.6032687,7678286551.264632,filecoin
2021-11-05,62.73774063234559,502984430.2854081,7484224036.035092,filecoin
2021-11-06,63.781773631098666,651948649.1719495,7674740914.761446,filecoin
2021-11-07,62.069238458683394,730916361.9793319,7451674974.09412,filecoin
2021-11-08,62.79938937586535,458295075.80413866,7555629649.459367,filecoin
2021-11-09,64.50686610640885,660289990.0036368,7836468583.086688,filecoin
2021-11-10,66.85835270466372,1327156636.046492,8171296122.248381,filecoin
2021-11-11,63.71362478906733,1509576499.1969955,7769479880.167427,filecoin
2021-11-12,63.02927863501618,547659213.6331174,7717396932.090971,filecoin
2021-11-13,63.14334956611448,802487314.2667816,7718543593.747036,filecoin
2021-11-14,63.16470879542413,347562888.0811816,7763831484.699356,filecoin
2021-11-15,62.96491497008288,358744924.7972091,7736407484.564361,filecoin
2021-11-16,61.148812971297815,505523061.61423475,7551642428.740265,filecoin
2021-11-17,56.47316391784054,1464882736.3385901,6973980513.678965,filecoin
2021-11-18,56.345181896614584,768851372.4805506,6921741251.939363,filecoin
2021-11-19,51.786285687439886,1563553677.6074486,6389409259.502009,filecoin
2021-11-20,54.0735756694293,645733924.601846,6660720133.306563,filecoin
2021-11-21,54.66678141135879,470171016.1631302,6758242747.578605,filecoin
2021-11-22,53.54969620865109,381839836.48369104,6634874845.903259,filecoin
2021-11-23,51.828193538806175,583436767.351076,6589775638.394142,filecoin
2021-11-24,51.78972128624839,463168064.22955513,6608478708.76383,filecoin
2021-11-25,50.37775622114825,527405856.3402777,6414495191.184935,filecoin
2021-11-26,55.29684969155326,837665876.1003803,7113496750.814335,filecoin
2021-11-27,52.62520581323685,1743017871.096931,6761450473.295746,filecoin
2021-11-28,57.31405679675341,1133424853.1026788,7355745893.087693,filecoin
2021-11-29,56.425635884315405,892223460.3851871,7274466423.076122,filecoin
2021-11-30,54.857073936659724,524990512.5609964,7120222492.411026,filecoin
2021-12-01,53.68772747232309,637529849.711355,6980829662.63623,filecoin
2021-12-02,54.40627993686102,521177478.3060266,7086209312.433346,filecoin
2021-12-03,53.68305979306721,437008375.87515646,7026636458.596917,filecoin
2021-12-04,49.74553633556802,701684981.4084944,6543164148.267629,filecoin
2021-12-05,40.93535358816292,2285543012.7814198,5412764251.319979,filecoin
2021-12-06,39.08147033392349,774494527.7197838,5138818891.53421,filecoin
2021-12-07,38.75224661793949,822263419.5716373,5196635363.092365,filecoin
2021-12-08,39.162443679613055,494411062.02585506,5267383301.400486,filecoin
2021-12-09,41.42367736772804,934315756.7165685,5585919565.675004,filecoin
2021-12-10,37.60172517735629,524593143.16510344,5106729626.443381,filecoin
2021-12-11,40.220117961344734,846173008.0212576,5482598281.505633,filecoin
2021-12-12,40.281488238031145,500293982.1789333,5470897229.031017,filecoin
2021-12-13,39.82527518494923,292178814.20187247,5430288233.268061,filecoin
2021-12-14,35.90550243900128,470866590.5653145,4897877244.733709,filecoin
2021-12-15,36.675664119437364,381628484.3779259,5026787204.602754,filecoin
2021-12-16,38.22731832086255,450054425.6294383,5279776430.712985,filecoin
2021-12-17,37.16626320199462,263993579.46902776,5161965295.694015,filecoin
2021-12-18,35.712840004370264,496798925.9475676,4981174130.608531,filecoin
2021-12-19,36.292625873879,250260373.42119208,5062502980.144697,filecoin
2021-12-20,35.76040258428095,198996166.07246417,5005926002.678512,filecoin
2021-12-21,34.90754844247923,381042384.7647869,4904409783.853378,filecoin
2021-12-22,35.36658684697264,329536521.0815434,4973757858.3908415,filecoin
2021-12-23,35.69366904226607,499519867.2035817,5035386743.111895,filecoin
2021-12-24,37.47578281237537,513908750.1254899,5280298415.792447,filecoin
2021-12-25,36.42301281868787,438864869.58189833,5149825194.370931,filecoin
2021-12-26,37.082641597021826,304536180.31173974,5267872229.783002,filecoin
2021-12-27,37.17956192389591,425756507.2152896,5284753492.80639,filecoin
2021-12-28,39.18338795724403,888292611.8543105,5601612423.670013,filecoin
2021-12-29,36.306418131203955,983947842.1804224,5206869983.490589,filecoin
2021-12-30,34.24363830939812,548657597.3784077,4875917099.339858,filecoin
2021-12-31,34.8996167407994,465551164.22614574,4999924297.515744,filecoin
2022-01-01,34.38733032783902,474266102.03446984,4957453323.829614,filecoin
2022-01-02,36.01532114724631,268249371.6999773,5176621123.917549,filecoin
2022-01-03,35.81733512009057,299853767.5908143,5184849454.203507,filecoin
2022-01-04,35.02749086803488,312920827.4631372,5078039693.250705,filecoin
2022-01-05,36.37876929841391,700226221.1739333,5369065733.89456,filecoin
2022-01-06,33.34383051874047,897198448.54605,4877599303.912766,filecoin
2022-01-07,33.04197541975071,519699519.5007817,4847485780.261362,filecoin
2022-01-08,31.528674115104632,649673205.3875096,4623138431.575745,filecoin
2022-01-09,29.39287988677668,430974546.5464029,4334683342.840736,filecoin
2022-01-10,30.281232191528506,306358248.4039828,4448333454.230876,filecoin
2022-01-11,28.17408484693864,565977061.5476197,4141429687.592193,filecoin
2022-01-12,28.913400425572682,325118952.28945464,4272909235.4460487,filecoin
2022-01-13,30.78689061737466,371558756.9505511,4543422869.361631,filecoin
2022-01-14,28.67217522010667,359622216.431068,4242669557.901659,filecoin
2022-01-15,29.7689770164224,383648920.5553345,4380835081.252591,filecoin
2022-01-16,29.794797685434443,266187696.4049409,4409459724.483505,filecoin
2022-01-17,30.448293669238026,333762862.81668043,4502277538.189462,filecoin
2022-01-18,29.068978140257784,293255054.4811584,4297748399.12299,filecoin
2022-01-19,28.534624318712545,291710397.5525557,4297056232.32139,filecoin
2022-01-20,27.647176883835655,269554249.3362197,4182995145.1270685,filecoin
2022-01-21,26.17597882957822,249056957.74264392,3985461270.6186647,filecoin
2022-01-22,21.840905332389916,570418838.5848045,3314194265.5529575,filecoin
2022-01-23,18.97129084451815,821649649.3227031,2884306575.285898,filecoin
2022-01-24,19.455170694221863,403645547.1937022,2964147391.4822,filecoin
2022-01-25,18.452639750253528,578579121.5365269,2839578105.282416,filecoin
2022-01-26,18.185571046433903,308030196.8436517,2800893201.2748914,filecoin
2022-01-27,19.35462440235394,474600747.80871284,2993058439.3653336,filecoin
2022-01-28,19.2642045994814,407188249.91813517,2944891815.729793,filecoin
2022-01-29,19.65440740262158,335887656.442849,3037810424.693202,filecoin
2022-01-30,20.28334820972117,328413549.6993681,3128907836.981963,filecoin
2022-01-31,19.874204192818745,241263171.60920006,3082302999.096314,filecoin
2022-02-01,21.335971763887333,336650835.92023414,3309681862.196598,filecoin
2022-02-02,20.950915737129986,232011679.5657679,3267158332.9675703,filecoin
2022-02-03,20.215864056462657,270867066.6450569,3155033520.569775,filecoin
2022-02-04,20.33039814502413,244660257.29589918,3171590079.2397323,filecoin
2022-02-05,21.63103293356232,299135281.3625372,3377847907.097469,filecoin
2022-02-06,22.080081326477845,286912276.9580855,3485657256.2276015,filecoin
2022-02-07,22.47714434827332,244642056.44731602,3543934856.7143073,filecoin
2022-02-08,24.44086960273112,474616754.0161352,3856084159.1321893,filecoin
2022-02-09,24.636950240220912,761771194.9703177,3900630085.2402816,filecoin
2022-02-10,24.31146021430516,377984849.68142337,3871129181.3214874,filecoin
2022-02-11,23.201937046738262,458859803.5913251,3693991074.04163,filecoin
2022-02-12,21.03320422279674,345393519.35191065,3362340866.4340997,filecoin
2022-02-13,20.81133985112173,316523398.33939314,3332217751.7783175,filecoin
2022-02-14,20.672630891783346,205333945.64458933,3319702105.476623,filecoin
2022-02-15,20.73949534079597,240782100.30442554,3343463117.988121,filecoin
2022-02-16,22.341526186177795,263926684.5138675,3634419031.6348076,filecoin
2022-02-17,23.108153369875097,408316792.4740939,3793881059.0063634,filecoin
2022-02-18,20.506548905187255,443721875.9546893,3366637366.6533804,filecoin
2022-02-19,21.09033593671938,366563369.9072768,3452567864.718396,filecoin
2022-02-20,20.909838432155002,243699103.30551234,3451863977.830861,filecoin
2022-02-21,19.87795830013017,250258486.4535299,3314528867.1937017,filecoin
2022-02-22,18.632282672265813,330965577.97464335,3118086876.7443457,filecoin
2022-02-23,19.182002410830663,319861539.66356933,3204570727.1352754,filecoin
2022-02-24,18.52742879147973,245498885.3840618,3107842188.645903,filecoin
2022-02-25,18.45243357032299,487834468.1498172,3093965780.9616046,filecoin
2022-02-26,18.97863999681596,292764367.8971472,3208751341.3345046,filecoin
2022-02-27,19.103711241966238,215266768.55528486,3218419413.63035,filecoin
2022-02-28,20.390409610568216,530314585.7886018,3439215778.925789,filecoin
2022-03-01,21.661405556459098,504378635.92160386,3680500397.544602,filecoin
2022-03-02,20.89545705314116,402468454.87619686,3554543885.8581743,filecoin
2022-03-03,20.675663770054836,378565585.60144424,3537112518.685478,filecoin
2022-03-04,20.200487063994956,244771868.50979844,3478130019.806754,filecoin
2022-03-05,18.80347914208336,317502610.5040331,3237983016.2406273,filecoin
2022-03-06,19.148790478540892,174465195.15402487,3305779703.4619727,filecoin
2022-03-07,18.43337074078297,168541534.68552354,3188755034.390007,filecoin
2022-03-08,17.871599064859044,290185925.9716453,3109695400.8741612,filecoin
2022-03-09,18.00838153347517,243484638.4061944,3136460811.581631,filecoin
2022-03-10,18.829554737204443,252727883.5942682,3281625132.49672,filecoin
2022-03-11,17.892037441237843,244431834.89447623,3130759907.8295503,filecoin
2022-03-12,17.39977436825595,168940693.19297144,3070643704.215149,filecoin
2022-03-13,17.747460869489164,209329234.24533087,3131318951.3135915,filecoin
2022-03-14,17.252263746578755,135713278.69679838,3041259140.6688824,filecoin
2022-03-15,17.442551281518238,250753137.18020523,3079868205.6587386,filecoin
2022-03-16,16.866764913140955,367994452.4147535,3006631758.398949,filecoin
2022-03-17,17.428018951480723,275750075.8189329,3079412755.756739,filecoin
2022-03-18,17.462934838162806,176018312.3899717,3118523794.0352106,filecoin
2022-03-19,17.632375963506753,168845072.98596,3158588670.179616,filecoin
2022-03-20,18.14246704841526,244377413.0995012,3250128059.00628,filecoin
2022-03-21,17.632155406067323,202710890.96380946,3169891974.4046264,filecoin
2022-03-22,17.83433357954045,182796221.69846916,3207450182.6540146,filecoin
2022-03-23,18.286622693302345,249279518.03468812,3300284121.904936,filecoin
2022-03-24,19.333449134220626,433787296.7980124,3505543068.711936,filecoin
2022-03-25,19.557397751684412,356610494.2705065,3549623708.3670177,filecoin
2022-03-26,18.846036443538182,286627222.69263434,3422228558.8443036,filecoin
2022-03-27,19.39258258430786,176967480.36009017,3519806078.5266714,filecoin
2022-03-28,23.699519926815988,854047525.2953733,4343063418.751437,filecoin
2022-03-29,24.972045729196168,1892695118.2259197,4843753113.72571,filecoin
2022-03-30,26.414292377404543,1504935948.563926,4855212395.045236,filecoin
2022-03-31,25.984204462219438,840756206.760539,4794612888.63512,filecoin
2022-04-01,24.216432290480903,923735508.7245753,4480162798.628793,filecoin
2022-04-02,25.489470111019212,840035739.7183514,4718997230.079749,filecoin
2022-04-03,23.883073541646866,630315591.537573,4471229775.162592,filecoin
2022-04-04,25.445242658159703,543040374.2734976,4725897194.983636,filecoin
2022-04-05,25.229799048352536,643853075.8494153,4732086074.216246,filecoin
2022-04-06,24.895531740317473,903857605.6545212,4678319600.723111,filecoin
2022-04-07,21.719153455214464,723544406.3432807,4103470709.4311275,filecoin
2022-04-08,22.480648404639084,408585896.6410358,4213167116.948084,filecoin
2022-04-09,21.273365459213387,417804598.71637297,3978719070.051756,filecoin
2022-04-10,21.73335287688906,226701480.44031298,4086471899.124344,filecoin
2022-04-11,21.174856575462012,213229249.36546466,4003549718.7113037,filecoin
2022-04-12,18.26639440726974,455216357.9731605,3469183892.8804417,filecoin
2022-04-13,19.561408325335407,373443313.1089763,3716344920.479767,filecoin
2022-04-14,19.45391923397134,241628690.42220995,3764697198.521388,filecoin
2022-04-15,18.688962149309084,255990648.59679332,3627023558.127691,filecoin
2022-04-16,19.080067834005735,198305805.17806914,3700185508.712197,filecoin
2022-04-17,21.673147722296843,409484988.9363097,4215615728.537825,filecoin
2022-04-18,19.742095851474513,525494064.0070436,3807525367.7273693,filecoin
2022-04-19,19.63274071709317,456776632.3855477,3795940737.833665,filecoin
2022-04-20,20.421571228280786,418074457.0870491,3954180232.015994,filecoin
2022-04-21,19.649915549982204,387741558.9843548,3802821541.5525413,filecoin
2022-04-22,18.86421566837036,393044066.13154805,3650259437.2566032,filecoin
2022-04-23,19.260645739350974,316676645.70881426,3725233766.0140734,filecoin
2022-04-24,18.966628735918157,244214089.9728988,3671063279.207159,filecoin
2022-04-25,18.904252469149245,308027526.1484004,3671022792.5733914,filecoin
2022-04-26,18.63685615100301,378324380.2469357,3604015501.0647116,filecoin
2022-04-27,17.282787933109397,281620478.5432585,3339862472.71416,filecoin
2022-04-28,17.715092291885796,204752295.14587817,3462645312.975125,filecoin
2022-04-29,18.074394373541654,260582553.5731965,3529245299.629168,filecoin
2022-04-30,17.32196971336879,241812395.14481312,3400959918.7223434,filecoin
2022-05-01,14.464805126006544,593596728.2098495,2823425345.588995,filecoin
2022-05-02,15.141678008786482,618387250.5544943,2976679884.4136405,filecoin
2022-05-03,14.65395880772822,323139745.9413331,2898273878.4809685,filecoin
2022-05-04,14.624233002868698,214977310.71557075,2890438286.8842072,filecoin
2022-05-05,15.693241820662646,316457442.1806823,3117556556.084418,filecoin
2022-05-06,14.008245304686447,502393403.7563803,2786185197.0451055,filecoin
2022-05-07,13.88512218971249,443307430.78339165,2781512105.201935,filecoin
2022-05-08,13.288197365340665,337382619.4778401,2666055149.6344953,filecoin
2022-05-09,13.100652629772151,371339915.87819064,2627036817.146419,filecoin
2022-05-10,11.220712583995777,612437779.2688997,2269855573.1230655,filecoin
2022-05-11,11.34968259011923,695352278.0627606,2274956651.2382965,filecoin
2022-05-12,8.516847080281513,821843188.7294792,1749091367.0316005,filecoin
2022-05-13,8.132473201200233,606574331.1403462,1666184329.6997383,filecoin
2022-05-14,8.73755659790738,392523039.9247505,1792259254.8544014,filecoin
2022-05-15,8.835428655820108,215250828.13020423,1810945712.97043,filecoin
2022-05-16,9.166278368316911,157912099.94149002,1880981541.3141313,filecoin
2022-05-17,8.280230689940472,167315782.4520019,1699446319.876119,filecoin
2022-05-18,8.609554986119464,149488568.04138836,1769848661.6124356,filecoin
2022-05-19,7.560129783272327,153742307.013573,1556366147.2706041,filecoin
2022-05-20,8.229298394461978,196459567.4256413,1697812942.9718776,filecoin
2022-05-21,7.949420908422889,153157686.51578218,1688527191.2691283,filecoin
2022-05-22,8.188270902797568,131726570.71012878,1745559807.1845167,filecoin
2022-05-23,8.473904534387922,136517493.0466514,1805674640.0500138,filecoin
2022-05-24,8.15627095952214,331927764.8888915,1736929822.6610055,filecoin
2022-05-25,8.408773891617745,230226523.43643335,1787647980.9767685,filecoin
2022-05-26,8.172643316339316,190323360.92522827,1740144596.737398,filecoin
2022-05-27,7.674748467674974,249353681.90812105,1628567301.7885082,filecoin
2022-05-28,7.2069792704502005,239742662.33723432,1532190455.1940415,filecoin
2022-05-29,7.551538690522504,124087659.66097942,1611489557.8221734,filecoin
2022-05-30,7.639133608276874,107813752.29725827,1624299241.7121131,filecoin
2022-05-31,8.2049154194941,179364559.14163902,1749464397.4514618,filecoin
2022-06-01,8.107775286952396,201812862.63056263,1728117251.3019986,filecoin
2022-06-02,7.467239887026935,189593045.0304686,1589221547.3702416,filecoin
2022-06-03,7.760973365141826,130958040.07745568,1658113163.4102967,filecoin
2022-06-04,7.39872832115786,112639622.06619145,1577377567.3744247,filecoin
2022-06-05,7.471242567714094,140891497.37986672,1590831261.865931,filecoin
2022-06-06,7.3707626075962525,99829913.07805285,1582398461.3277113,filecoin
2022-06-07,7.5751348693068215,141542166.98777974,1627973108.189502,filecoin
2022-06-08,7.361692229430453,187244894.10803375,1584312808.1602223,filecoin
2022-06-09,7.185523480301636,146297799.5923937,1552262119.7689033,filecoin
2022-06-10,7.2214542339043,110396106.7725155,1564378930.5106623,filecoin
2022-06-11,6.823364323325565,170964636.2620658,1480655843.6133385,filecoin
2022-06-12,6.0949750353250005,202683784.69822294,1323382728.921378,filecoin
2022-06-13,5.717548180326711,225912978.57794043,1256968384.083345,filecoin
2022-06-14,5.335226886777523,379339073.97266567,1153030483.352009,filecoin
2022-06-15,5.491086175781854,275202270.1195448,1202356230.8778017,filecoin
2022-06-16,5.83653449552526,293354703.5122296,1285281262.2019842,filecoin
2022-06-17,5.290282202640866,182399840.27643254,1168474965.3697839,filecoin
2022-06-18,5.349333192757721,122082336.0709919,1184946841.3573513,filecoin
2022-06-19,5.1151481296818675,199443161.6392779,1127158358.5772195,filecoin
2022-06-20,5.4686694661383495,181599207.38011116,1209796698.2891984,filecoin
2022-06-21,5.475020112421465,146102161.05422038,1215301580.1389945,filecoin
2022-06-22,5.951477066515057,264301543.7744922,1323871474.0955873,filecoin
2022-06-23,5.53685657287317,190126056.61530903,1232603399.137738,filecoin
2022-06-24,5.809218135694015,154325718.20940235,1293128538.093418,filecoin
2022-06-25,6.1788117126431255,175800330.3724096,1379553109.0015633,filecoin
2022-06-26,6.085505536044403,110189845.48450702,1357390756.733467,filecoin
2022-06-27,5.849083631425672,110809407.60241625,1312159887.0532715,filecoin
2022-06-28,5.784680516890664,105768630.9323021,1297369097.1834157,filecoin
2022-06-29,5.5044631303609615,101493369.39239201,1236592548.760094,filecoin
2022-06-30,5.447204181159453,86889364.85499333,1224415286.2364347,filecoin
2022-07-01,5.31989092777353,99842181.6825721,1201622584.1039062,filecoin
2022-07-02,5.334754061703175,103530933.82026368,1217871823.995795,filecoin
2022-07-03,5.344212866698563,53672869.83734625,1212653024.476599,filecoin
2022-07-04,5.312932473027297,56157614.74249079,1208210978.829094,filecoin
2022-07-05,5.558681853683242,85444786.9644181,1265065597.6820073,filecoin
2022-07-06,5.493143601296891,99003841.74075663,1254723171.9797316,filecoin
2022-07-07,5.578692754591922,83219535.36711666,1277823905.1922464,filecoin
2022-07-08,5.816425552028302,87747134.3016552,1336691204.0835876,filecoin
2022-07-09,5.780970304953939,92217712.40313257,1341573783.7969537,filecoin
2022-07-10,5.804424914858878,72813868.69998516,1349563575.8946347,filecoin
2022-07-11,5.488138109910555,70994963.34972213,1274122291.7372866,filecoin
2022-07-12,5.198203202513526,83676501.63945164,1210340501.918049,filecoin
2022-07-13,5.08754608127012,69245926.42389053,1194551958.1022973,filecoin
2022-07-14,5.2969062385732215,118388034.12645935,1239092220.1866052,filecoin
2022-07-15,5.361618652949647,82417202.65201944,1260487049.6144876,filecoin
2022-07-16,5.224991284729007,88562064.69059183,1229762089.8580732,filecoin
2022-07-17,5.395054108848388,80209814.1228814,1276286223.2825081,filecoin
2022-07-18,5.682946955746384,178492574.38253888,1358755220.2187552,filecoin
2022-07-19,5.969480386080626,237249017.01290902,1416991549.1565673,filecoin
2022-07-20,6.056970110642575,226913228.41838187,1446037784.0490298,filecoin
2022-07-21,5.57930325853728,200707532.02501634,1342457989.4590833,filecoin
2022-07-22,5.629705785927208,144114045.61894032,1356319813.7329648,filecoin
2022-07-23,5.4821819055587495,121897141.46553919,1322841947.9234827,filecoin
2022-07-24,5.59275758931683,86911039.6976223,1354925047.1590934,filecoin
2022-07-25,5.65527842120315,119600536.74296726,1372562937.7493913,filecoin
2022-07-26,5.252125345418246,103994466.9085265,1281746585.242384,filecoin
2022-07-27,5.30526898145431,110864179.50711006,1290141482.99309,filecoin
2022-07-28,5.615477547396623,106821030.54739891,1374317404.900733,filecoin
2022-07-29,5.941084311253725,197234788.03804252,1455330985.570627,filecoin
2022-07-30,5.97789776958909,214755660.79668042,1483626790.9716687,filecoin
2022-07-31,7.941637355157426,1206580801.093214,1946263403.181691,filecoin
2022-08-01,9.903847859365674,1622123024.6304452,2446714740.397592,filecoin
2022-08-02,8.754881599517299,1367989932.6593075,2143685198.889389,filecoin
2022-08-03,8.159451224048295,1028436093.5116626,2069274054.7866075,filecoin
2022-08-04,8.109287923485603,682559539.1437533,2041470604.348179,filecoin
2022-08-05,8.104364427715492,456934235.0007921,2048740045.6362007,filecoin
2022-08-06,8.321849762318212,384868133.92602396,2114911915.4469848,filecoin
2022-08-07,9.474118098325228,783482548.8501425,2402861885.8871813,filecoin
2022-08-08,8.780348933618132,358476853.7137118,2245146996.24832,filecoin
2022-08-09,8.715253425295112,367642898.0639968,2241571278.915184,filecoin
2022-08-10,8.060964151535263,409393548.898451,2077273118.497655,filecoin
2022-08-11,8.300665063389987,365703065.2849537,2138126336.9372814,filecoin
2022-08-12,8.360322357282937,391786519.1903024,2166326606.3674316,filecoin
2022-08-13,8.756790787353333,314499101.9527482,2270880322.7375216,filecoin
2022-08-14,8.346138963694811,257930515.57818347,2167084582.369988,filecoin
2022-08-15,8.238682254046072,281284622.9018868,2142047880.5851822,filecoin
2022-08-16,8.495061427913209,243705810.86079368,2180473774.6579337,filecoin
2022-08-17,8.440630055465526,378423596.9368208,2200983748.851519,filecoin
2022-08-18,8.19585851516971,348255822.62182605,2139304455.8813727,filecoin
2022-08-19,7.50617137537682,242489039.55185136,1972823389.0251577,filecoin
2022-08-20,6.487358320371364,465084307.7423346,1709436112.951259,filecoin
2022-08-21,6.248629791510321,249163611.6173507,1649145434.0196197,filecoin
2022-08-22,6.428899546490999,177009263.97916406,1706441727.781388,filecoin
2022-08-23,6.313548100581019,185165815.87691134,1667590215.2115424,filecoin
2022-08-24,6.386693617449263,162873794.5369,1701590456.0546522,filecoin
2022-08-25,6.279918741188405,196703753.8105127,1679108177.6856592,filecoin
2022-08-26,6.3665509574303805,160783699.537936,1705892377.3473754,filecoin
2022-08-27,5.637780957964147,239657272.68423307,1516075136.3318515,filecoin
2022-08-28,5.846625669849709,149171333.72380036,1581827466.1459424,filecoin
2022-08-29,5.652478557644547,100472300.25424366,1529043751.1206028,filecoin
2022-08-30,6.025566195180171,148728551.5146369,1632568917.9774075,filecoin
2022-08-31,5.710401031060095,151956992.9199257,1553440610.5491579,filecoin
2022-09-01,5.73229033635038,123247351.20191665,1556916874.353953,filecoin
2022-09-02,5.775726610468259,121893872.17014417,1573675906.416215,filecoin
2022-09-03,5.82038667352373,146760780.7513193,1601091320.1935835,filecoin
2022-09-04,6.512139786883692,355781584.40385884,1794631654.429656,filecoin
2022-09-05,6.266124419148884,182728647.8813203,1722728626.880617,filecoin
2022-09-06,6.1352543619801025,173223469.4805569,1692226168.2929304,filecoin
2022-09-07,5.612293031162945,242446779.42213646,1554332681.5736558,filecoin
2022-09-08,5.857525378828345,173464598.06752384,1629490830.233055,filecoin
2022-09-09,5.867763374371741,174211722.97993195,1626955519.0212224,filecoin
2022-09-10,6.3750639112193195,321687717.908942,1774253277.1166325,filecoin
2022-09-11,6.365403350758869,229281394.35357127,1778807530.2029476,filecoin
2022-09-12,6.395706917840516,307805679.124017,1787642754.7023714,filecoin
2022-09-13,6.53339860130395,325241879.6384986,1833525193.2227118,filecoin
2022-09-14,5.8672379035194675,299950789.4076739,1644630444.3165226,filecoin
2022-09-15,5.974583182158219,182489523.28991014,1678857995.3842053,filecoin
2022-09-16,5.7171812535846644,186645709.14936602,1615036843.4623106,filecoin
2022-09-17,5.813925361473522,147857708.4545811,1653021739.0541196,filecoin
2022-09-18,5.910700364085074,105224946.52099384,1681406114.201791,filecoin
2022-09-19,5.256584245693231,177994415.05212125,1500531312.5908012,filecoin
2022-09-20,5.4879707277379595,185967237.0095485,1566432110.5453494,filecoin
2022-09-21,5.305893366199229,148974571.79639056,1517595551.7502186,filecoin
2022-09-22,5.275511178135845,213954265.99760398,1512545541.0759242,filecoin
2022-09-23,5.536143545951632,164606505.92546675,1586716903.3666894,filecoin
2022-09-24,5.699392805009651,195725840.1036003,1669715098.2966108,filecoin
2022-09-25,5.573618676470987,139979169.47046384,1626064858.2855544,filecoin
2022-09-26,5.716685212990941,153655754.25102136,1664626369.2721474,filecoin
